<?xml version="1.0" encoding="UTF-8"?>
<library xmlns="http://www.netbeans.org/ns/library-declaration/3" version="3.0">
    <name>JUnit_4.11</name>
    <type>j2se</type>
    <display-name>JUnit 4.11</display-name>
    <volume>
        <type>classpath</type>
        <resource>jar:file:/C:/Program%20Files/NetBeans%208.0/platform/modules/ext/junit-4.11.jar!/</resource>
    </volume>
    <volume>
        <type>src</type>
    </volume>
    <volume>
        <type>javadoc</type>
    </volume>
    <volume>
        <type>maven-pom</type>
    </volume>
    <properties/>
</library>
