<?xml version="1.0" encoding="UTF-8" standalone="yes"?><history><sql date="1400595957641" url="jdbc:derby://localhost:1527/sample">select * from APP.PLAYERSCORE</sql><sql date="1400621760737" url="jdbc:derby://localhost:1527/sample">insert into APP.HIGHSCORE values (12.0, 'truc', 10)</sql><sql date="1400625184246" url="jdbc:derby://localhost:1527/sample">select * from APP.HIGHSCORE</sql><sql date="1400620474890" url="jdbc:derby://localhost:1527/sample">select * from APP.HIGHSCORES</sql></history>